,x_top_left,y_top_left,x_top_right,y_top_right,x_bot_left,y_bot_left,x_bot_right,y_bot_right
0,370.1036376953125,197.1763153076172,540.0,208.0,368.66326904296875,222.5262908935547,540.0,220.0
1,370.1036376953125,197.1763153076172,540.0,208.0,368.66326904296875,222.5262908935547,540.0,222.0
2,370.0932312011719,197.2753143310547,540.0,208.0,368.7137756347656,222.7953338623047,540.0,226.0
3,370.1411437988281,197.3542022705078,540.0,208.0,368.7803649902344,222.86830139160156,540.0,225.0
4,370.1246337890625,197.57049560546875,540.0,208.0,368.81707763671875,223.06753540039062,540.0,224.0
5,370.1757507324219,197.57313537597656,539.8292236328125,206.4634246826172,368.8576965332031,223.27476501464844,541.96337890625,225.6707305908203
6,370.24078369140625,196.9547882080078,539.8292846679688,206.4634246826172,368.71978759765625,222.5071258544922,542.0853881835938,226.76829528808594
7,370.24078369140625,196.9547882080078,541.0,207.0,368.71978759765625,222.5071258544922,541.0,228.0
8,370.2408142089844,196.9547882080078,541.0,207.0,368.7198181152344,222.5071258544922,541.0,229.0
9,370.24078369140625,196.9547882080078,541.0,207.0,368.71978759765625,222.5071258544922,541.0,229.0
10,370.24078369140625,196.9547882080078,541.0,207.0,368.71978759765625,222.5071258544922,541.0,230.0
11,370.2283935546875,197.07139587402344,541.0,207.0,368.748779296875,222.52024841308594,541.0,230.0
12,370.2283935546875,197.07139587402344,541.0,207.0,368.748779296875,222.52024841308594,541.0,230.0
13,370.2169189453125,197.18275451660156,541.0,207.0,368.77655029296875,222.53273010253906,541.0,230.0
14,370.2169189453125,197.18275451660156,541.0,207.0,368.77655029296875,222.53273010253906,541.0,230.0
15,370.2061767578125,197.28921508789062,541.0,207.0,368.79693603515625,222.65536499023438,541.0,230.0
16,370.1977844238281,197.3744354248047,541.0,208.0,368.8134460449219,222.7534637451172,541.0,230.0
17,371.1270751953125,197.5856170654297,541.2918701171875,209.3307342529297,369.7845458984375,223.0939178466797,539.933837890625,231.05836486816406
18,371.1271057128906,197.5856170654297,541.2725219726562,208.36895751953125,369.7845764160156,223.0939178466797,539.9380493164062,231.05517578125
19,371.10723876953125,197.85536193847656,541.36962890625,209.0856170654297,369.83538818359375,223.29176330566406,539.9921875,231.12452697753906
20,371.1219787597656,197.7738037109375,541.0,208.0,369.7434997558594,222.93115234375,541.0,231.0
21,371.1219787597656,197.7738037109375,541.0,207.0,369.7434997558594,222.93115234375,541.0,231.0
22,371.1219787597656,197.7738037109375,541.0,207.0,369.7434997558594,222.93115234375,541.0,230.0
23,371.1219787597656,197.7738037109375,541.0,207.0,369.7375183105469,223.0404052734375,541.0,231.0
24,371.13311767578125,197.64907836914062,541.0,207.0,369.70123291015625,222.94537353515625,541.0,230.0
25,371.1260986328125,197.72921752929688,541.0,208.0,369.7200012207031,223.03997802734375,541.0,230.0
26,371.13629150390625,197.59266662597656,541.0,208.0,369.70123291015625,222.9453887939453,541.0,230.0
27,371.1226501464844,197.75213623046875,541.0,208.0,369.7383117675781,223.13116455078125,541.0,230.0
28,371.2314147949219,197.75808715820312,541.0,208.0,369.8470458984375,223.13711547851562,541.0,230.0
29,371.2154541015625,197.90606689453125,542.0,208.0,369.8784484863281,223.30938720703125,542.0,229.0
30,371.39453125,197.76698303222656,542.0,208.0,370.0102233886719,223.14601135253906,542.0,229.0
31,371.64727783203125,197.56497192382812,541.593017578125,207.89381408691406,370.20904541015625,222.97412109375,542.9912109375,228.8672637939453
32,371.627685546875,197.7015380859375,542.0,208.0,370.2184753417969,223.06768798828125,542.0,229.0
33,371.9832763671875,197.80990600585938,542.0,208.0,370.6095886230469,223.22213745117188,542.0,230.0
34,372.015380859375,197.7230682373047,542.0,207.0,370.6061706542969,223.08921813964844,542.0,230.0
35,372.015380859375,197.72308349609375,542.0,208.0,370.6061706542969,223.0892333984375,542.0,230.0
36,371.84918212890625,197.71385192871094,544.0770263671875,207.3846435546875,370.44000244140625,223.0800018310547,541.2154541015625,230.27694702148438
37,372.015380859375,197.72308349609375,543.1195068359375,207.20797729492188,370.60614013671875,223.0892333984375,541.5885009765625,230.17257690429688
38,371.84918212890625,197.71385192871094,542.0,207.0,370.44000244140625,223.0800018310547,542.0,230.0
39,371.82958984375,197.79071044921875,542.0,207.0,370.4452819824219,223.16973876953125,542.0,230.0
40,371.82958984375,197.79071044921875,542.0,208.0,370.4452819824219,223.16973876953125,542.0,230.0
41,372.16693115234375,197.88397216796875,542.0,208.0,370.80670166015625,223.275390625,542.0,231.0
42,372.17584228515625,197.79042053222656,542.0,207.0,370.7816162109375,223.2345733642578,542.0,231.0
43,372.17584228515625,197.79042053222656,542.0,207.0,370.7816162109375,223.2345733642578,542.0,231.0
44,372.1728515625,197.84506225585938,542.0,207.0,370.7816162109375,223.23458862304688,542.0,230.0
45,372.20263671875,197.5045166015625,542.0,207.0,370.7171630859375,223.1285400390625,542.0,230.0
46,372.26043701171875,197.50787353515625,542.0,207.0,370.77496337890625,223.13189697265625,542.0,230.0
47,372.229736328125,197.80706787109375,542.0,208.0,370.8363037109375,223.23757934570312,542.0,229.0
48,372.26043701171875,197.5078582763672,542.0,208.0,370.77496337890625,223.1318817138672,542.0,229.0
49,372.23699951171875,197.73533630371094,543.8812255859375,208.1881103515625,370.82159423828125,223.21226501464844,541.89111328125,228.089111328125
50,372.23077392578125,197.84613037109375,543.0,208.0,370.81231689453125,223.37844848632812,543.0,226.0
51,372.25787353515625,197.5511932373047,543.0,208.0,370.7749938964844,223.1318817138672,543.0,226.0
52,372.24005126953125,197.67999267578125,543.0,208.0,370.8123474121094,223.37844848632812,543.0,226.0
53,372.252197265625,197.5858154296875,543.0,208.0,370.79083251953125,223.15945434570312,543.0,220.0
54,373.0546875,198.78627014160156,543.0,208.0,371.8757629394531,224.95838928222656,543.0,218.0
55,373.0772705078125,198.45387268066406,520.1097412109375,205.8054962158203,371.79052734375,224.1895294189453,518.822998046875,231.54115295410156
56,374.18621826171875,198.36854553222656,521.1842651367188,205.9069061279297,372.86553955078125,224.12132263183594,519.8635864257812,231.65968322753906
57,375.1043701171875,198.1568603515625,523.2711181640625,206.54367065429688,373.65972900390625,223.67886352539062,521.8264770507812,232.065673828125
58,375.84429931640625,197.4902801513672,524.3890380859375,206.77430725097656,374.1906433105469,223.9494171142578,522.7354125976562,233.2334442138672
59,378.2703857421875,198.22288513183594,528.3179321289062,206.7161407470703,376.81402587890625,223.95176696777344,526.861572265625,232.4450225830078
60,380.45733642578125,198.53822326660156,532.257080078125,206.7436065673828,379.0647888183594,224.30079650878906,530.864501953125,232.5061798095703
61,382.4254150390625,198.91712951660156,534.2154541015625,206.9060821533203,381.0718078613281,224.63536071777344,532.86181640625,232.6243133544922
62,386.34771728515625,198.74154663085938,539.209228515625,207.23385620117188,384.91693115234375,224.49539184570312,537.7784423828125,232.98770141601562
63,391.2484130859375,199.86685180664062,544.1002197265625,207.26287841796875,390.0166320800781,225.32339477539062,542.868408203125,232.71942138671875
64,394.17877197265625,199.483642578125,547.2068481445312,207.26473999023438,392.86016845703125,225.41659545898438,545.8882446289062,233.19769287109375
65,399.57989501953125,199.7886199951172,554.20068359375,207.78623962402344,398.2546691894531,225.4097442626953,552.87548828125,233.40736389160156
66,404.6190185546875,199.92919921875,559.1868896484375,207.85574340820312,403.308837890625,225.47738647460938,557.876708984375,233.4039306640625
67,408.18096923828125,199.4708251953125,562.262939453125,207.37246704101562,406.8459167480469,225.50491333007812,560.9279174804688,233.40655517578125
68,412.54327392578125,199.56997680664062,569.2639770507812,207.73251342773438,411.19818115234375,225.395751953125,567.9188842773438,233.55828857421875
69,418.32568359375,198.86685180664062,576.3138427734375,207.255615234375,416.9364013671875,225.03201293945312,574.924560546875,233.4207763671875
70,421.23565673828125,198.6649932861328,578.34765625,207.2036895751953,419.83148193359375,224.50172424316406,576.9434814453125,233.04042053222656
71,426.2279052734375,198.53201293945312,585.1917114257812,206.64242553710938,424.915771484375,224.25079345703125,583.8795776367188,232.3612060546875
72,430.566650390625,197.51708984375,590.2891845703125,206.15072631835938,429.1595153808594,223.54913330078125,588.8820190429688,232.18276977539062
73,433.35516357421875,196.9620819091797,593.1551513671875,206.36207580566406,431.8172607421875,223.10691833496094,591.6172485351562,232.5069122314453
74,438.283203125,197.2434539794922,598.1260986328125,205.1045684814453,436.9979248046875,223.37696838378906,596.8408203125,231.2380828857422
75,441.72100830078125,196.30111694335938,606.2651977539062,204.96133422851562,440.33978271484375,222.54421997070312,604.8839721679688,231.20443725585938
76,443.71466064453125,195.82948303222656,606.375244140625,204.65602111816406,442.2794189453125,222.2787322998047,604.9400024414062,231.1052703857422
77,447.4683837890625,195.69984436035156,610.2139282226562,203.8956756591797,446.13128662109375,222.25120544433594,608.8768310546875,230.44703674316406
78,450.43994140625,195.07998657226562,614.2677001953125,204.1815185546875,448.9753723144531,221.44305419921875,612.8031005859375,230.54458618164062
79,451.699462890625,194.64337158203125,615.307373046875,203.90420532226562,450.187744140625,221.35025024414062,613.795654296875,230.611083984375
80,454.2471923828125,194.46804809570312,619.120361328125,203.46112060546875,452.8045959472656,220.9166259765625,617.677734375,229.90969848632812
81,456.17156982421875,194.5968780517578,623.0582275390625,203.01133728027344,454.844970703125,220.9081268310547,621.7316284179688,229.3225860595703
82,456.720703125,194.5860595703125,625.0,203.00003051757812,455.4089660644531,220.82046508789062,623.688232421875,229.23443603515625
83,457.18707275390625,194.25938415527344,627.012451171875,202.7506561279297,455.8578796386719,220.84291076660156,625.6832885742188,229.3341827392578
84,456.199462890625,194.00997924804688,627.1221923828125,202.55612182617188,454.8603210449219,220.79302978515625,625.7830810546875,229.33917236328125
85,455.18353271484375,193.6044921875,628.1376342773438,202.953369140625,453.72979736328125,220.49887084960938,626.6838989257812,229.84774780273438
86,455.10186767578125,194.13284301757812,629.1114501953125,203.624267578125,453.6592102050781,220.5814208984375,627.6687622070312,230.07284545898438
87,454.2677001953125,194.18154907226562,629.17236328125,203.89846801757812,452.7877502441406,220.82156372070312,627.6923828125,230.53848266601562
88,454.193359375,194.3259735107422,630.0220336914062,203.5801239013672,452.78729248046875,221.0414276123047,628.615966796875,230.2955780029297
89,454.199951171875,194.3999786376953,631.098388671875,204.22767639160156,452.7015075683594,221.37229919433594,629.5999755859375,231.1999969482422
90,452.2154541015625,194.90606689453125,630.87841796875,204.30938720703125,450.7900085449219,221.98895263671875,629.4530029296875,231.39227294921875
91,451.08514404296875,195.32632446289062,630.1982421875,204.43377685546875,449.7183532714844,222.20599365234375,628.8314819335938,231.31344604492188
92,449.149169921875,195.16574096679688,629.28173828125,204.64639282226562,447.7126770019531,222.45855712890625,627.84521484375,231.939208984375
93,447.16717529296875,195.72280883789062,629.0203857421875,205.00103759765625,445.7713928222656,223.08016967773438,627.6245727539062,232.3583984375
94,446.18011474609375,195.46836853027344,627.2904052734375,204.7086944580078,444.7739562988281,223.02928161621094,625.8842163085938,232.2696075439453
95,444.21527099609375,195.83871459960938,627.019287109375,205.29409790039062,442.8144226074219,222.92141723632812,625.6184692382812,232.37680053710938
96,442.2537841796875,196.08404541015625,625.1600341796875,205.52438354492188,440.8536071777344,223.2117919921875,623.7598876953125,232.65213012695312
97,441.21820068359375,196.54212951660156,623.5645141601562,205.4681854248047,439.87884521484375,223.9031524658203,622.2251586914062,232.82920837402344
98,439.2257080078125,196.54306030273438,622.275390625,205.81143188476562,437.833984375,224.02957153320312,620.8836669921875,233.29794311523438
99,437.18096923828125,196.44871520996094,620.28515625,205.7788543701172,435.7773132324219,223.9950408935547,618.8815307617188,233.32518005371094
100,436.22198486328125,196.56109619140625,619.264404296875,205.71322631835938,434.8379211425781,224.24191284179688,617.8803100585938,233.39404296875
101,434.23077392578125,196.4990692138672,617.3645629882812,205.89051818847656,432.81964111328125,224.0164337158203,615.9534301757812,233.4078826904297
102,432.22186279296875,196.60716247558594,616.066162109375,205.89219665527344,430.8286437988281,224.19337463378906,614.6729125976562,233.47840881347656
103,431.63873291015625,196.54559326171875,615.2839965820312,205.96328735351562,430.22100830078125,224.19082641601562,613.8662719726562,233.6085205078125
104,430.2308349609375,196.55746459960938,613.3599853515625,206.0706787109375,428.7969970703125,224.15829467773438,611.9261474609375,233.6715087890625
105,428.24462890625,196.41305541992188,612.374267578125,206.2332763671875,426.7718811035156,224.02783203125,610.9014892578125,233.84805297851562
106,427.502197265625,196.62106323242188,611.4586181640625,205.52215576171875,426.1458740234375,224.6522216796875,610.102294921875,233.55331420898438
107,427.3507080078125,196.63577270507812,611.0770263671875,205.3846435546875,426.0204162597656,224.57241821289062,609.7467041015625,233.3212890625
108,428.28662109375,196.5913543701172,612.1480102539062,206.3323516845703,426.81781005859375,224.3148651123047,610.67919921875,234.0558624267578
109,428.363525390625,196.50836181640625,613.0164794921875,206.84893798828125,426.8173828125,224.11776733398438,611.4703369140625,234.45834350585938
110,429.44305419921875,197.25027465820312,612.9851684570312,206.5435791015625,428.05072021484375,224.7493896484375,611.5928344726562,234.04269409179688
111,431.41156005859375,197.1795654296875,614.0635375976562,206.79281616210938,429.96405029296875,224.68234252929688,612.6160278320312,234.29559326171875
112,432.254150390625,197.17127990722656,615.220947265625,206.8011016845703,430.8038330078125,224.7265167236328,613.7706298828125,234.35633850097656
113,434.177734375,197.49000549316406,615.927001953125,206.69252014160156,432.7783203125,225.1280059814453,614.527587890625,234.3305206298828
114,436.20654296875,197.24212646484375,616.9794921875,207.17471313476562,434.6949768066406,224.75247192382812,615.4678955078125,234.68505859375
115,438.18865966796875,197.4418182373047,618.7943725585938,207.01939392089844,436.71759033203125,225.18199157714844,617.3233032226562,234.7595672607422
116,441.17572021484375,197.61952209472656,620.0436401367188,206.91136169433594,439.74456787109375,225.16856384277344,618.6124877929688,234.4604034423828
117,444.11810302734375,197.69839477539062,621.2420654296875,206.78164672851562,442.7055969238281,225.2413330078125,619.8295288085938,234.3245849609375
118,445.06488037109375,197.7032470703125,623.6683959960938,206.6334228515625,443.68585205078125,225.2843017578125,622.2893676757812,234.2144775390625
119,448.12005615234375,197.67860412597656,624.2523193359375,206.7888946533203,446.6951904296875,225.22560119628906,622.8274536132812,234.3358917236328
120,451.196044921875,197.4216766357422,626.3140869140625,207.01719665527344,449.6753845214844,225.17396545410156,624.79345703125,234.7694854736328
121,453.11737060546875,197.7301788330078,627.203369140625,206.73463439941406,451.6925048828125,225.2771759033203,625.7785034179688,234.28163146972656
122,456.19140625,197.33172607421875,628.3402099609375,206.31338500976562,454.7340393066406,225.26437377929688,626.8828125,234.24603271484375
123,459.12432861328125,197.63812255859375,629.2320556640625,206.59115600585938,457.657470703125,225.50830078125,627.7651977539062,234.46133422851562
124,460.41180419921875,198.35296630859375,629.837158203125,206.42083740234375,459.0950927734375,226.00454711914062,628.5204467773438,234.07241821289062
125,464.1744384765625,197.72930908203125,630.3018798828125,206.58944702148438,462.6995544433594,225.38397216796875,628.8270263671875,234.24411010742188
126,467.3052978515625,197.4276885986328,631.401611328125,206.4192657470703,465.7786560058594,225.2892303466797,629.875,234.2808074951172
127,469.402587890625,197.65219116210938,632.3927001953125,206.58316040039062,467.8879089355469,225.29522705078125,630.8780517578125,234.2261962890625
128,473.96844482421875,197.98756408691406,634.98681640625,206.6444549560547,472.4927673339844,225.4351043701172,633.5111694335938,234.0919952392578
129,478.23333740234375,197.8582305908203,636.42138671875,206.77024841308594,476.700439453125,225.06764221191406,634.8884887695312,233.9796600341797
130,480.3031005859375,197.77117919921875,638.4527587890625,206.93927001953125,478.723876953125,225.01296997070312,636.87353515625,234.18106079101562
131,485.27264404296875,197.4342041015625,669.0,212.0,483.6335754394531,224.88858032226562,669.0,220.0
132,490.224609375,197.9569091796875,672.0,210.0,488.6984558105469,225.42767333984375,672.0,222.0
133,492.232666015625,197.92758178710938,675.0,210.0,490.6606140136719,225.437744140625,675.0,225.0
134,496.8758544921875,198.11033630371094,680.0,209.0,495.248291015625,225.77931213378906,680.0,229.0
135,501.311279296875,197.9750518798828,684.0,210.0,499.5943298339844,225.6916961669922,684.0,233.0
136,503.26153564453125,198.29229736328125,684.75390625,208.03079223632812,501.7138366699219,226.1507568359375,687.800048828125,232.4000244140625
137,507.201416015625,198.77149963378906,689.0,209.0,505.8756103515625,226.61314392089844,689.0,234.0
138,510.224609375,198.9569091796875,692.4822998046875,209.72938537597656,508.7138671875,226.1507568359375,690.588134765625,234.35292053222656
139,510.7855224609375,199.28929138183594,693.5870361328125,210.0102081298828,509.4189758300781,226.62095642089844,690.67236328125,234.7849578857422
140,512.53369140625,199.32667541503906,694.0,210.0,511.1571044921875,226.8578643798828,694.0,234.0
141,514.2115478515625,199.12063598632812,695.0,210.0,512.7105712890625,226.63876342773438,695.0,234.0
142,514.5580444335938,199.39779663085938,696.0,210.0,513.1188354492188,226.74310302734375,696.0,235.0
143,517.1896362304688,199.54888916015625,698.0,209.0,515.6991577148438,226.67578125,698.0,234.0
144,519.5123901367188,200.41189575195312,700.0,210.0,518.2058715820312,227.41317749023438,700.0,234.0
145,520.3729248046875,199.9143524169922,701.0,210.0,518.9503173828125,226.9447479248047,701.0,234.0
146,523.3004760742188,199.83139038085938,703.0,210.0,521.7454223632812,226.57818603515625,703.0,234.0
147,525.2906494140625,199.82528686523438,705.0,210.0,523.77734375,226.76275634765625,705.0,234.0
148,526.2333374023438,200.39157104492188,706.0,209.0,524.8569946289062,227.57504272460938,706.0,234.0
149,528.224609375,199.95692443847656,708.5431518554688,210.3959197998047,526.719970703125,227.0399932861328,706.6903686523438,236.3350067138672
150,530.267333984375,199.9875946044922,710.0,209.0,528.827880859375,226.9774932861328,710.0,235.0
151,531.3839111328125,199.99362182617188,711.4047241210938,210.52529907226562,529.90966796875,226.89913940429688,709.7938842773438,236.29962158203125
152,534.22021484375,200.0797576904297,714.5875244140625,210.59922790527344,532.7156982421875,226.8603973388672,712.9766845703125,236.37355041503906
153,536.2213134765625,200.12689208984375,716.6107177734375,210.8407440185547,534.6737060546875,227.20989990234375,714.880615234375,236.7920684814453
154,537.2749633789062,200.18710327148438,716.5531616210938,210.7035675048828,535.7273559570312,227.27011108398438,714.8142700195312,236.7876434326172
155,539.30078125,199.9464569091797,719.3192138671875,210.615966796875,537.69580078125,226.9104461669922,718.0074462890625,236.85037231445312
156,541.4020385742188,200.562255859375,720.6018676757812,210.9735107421875,539.9409790039062,227.59140014648438,718.8540649414062,237.1903076171875
157,542.425537109375,200.44650268554688,722.4723510742188,211.02487182617188,540.8934326171875,227.64187622070312,721.0883178710938,237.3204345703125
158,544.198486328125,200.52560424804688,724.6090698242188,211.47207641601562,542.6541748046875,227.5516357421875,722.6852416992188,238.40609741210938
159,545.5843505859375,200.11737060546875,725.7235107421875,211.59408569335938,543.8114013671875,227.0665283203125,723.7117919921875,237.74703979492188
160,546.5072631835938,200.1887969970703,727.4117431640625,211.6470489501953,544.7698364257812,226.9460906982422,725.4058837890625,237.72352600097656
161,548.2984619140625,200.37411499023438,727.0,210.0,546.563720703125,227.26220703125,727.0,236.0
162,550.2139892578125,200.57589721679688,729.3424072265625,211.5214080810547,548.5369873046875,227.4085693359375,727.7159423828125,237.5447540283203
163,550.267822265625,200.64723205566406,730.3803100585938,211.6051788330078,548.5927734375,227.8672332763672,728.6995239257812,237.6580352783203
164,551.2879638671875,200.95928955078125,731.119140625,211.65284729003906,549.7452392578125,227.95684814453125,729.4383544921875,237.70570373535156
165,552.1803588867188,201.4395294189453,730.0,210.0,550.8109741210938,228.48411560058594,730.0,236.0
166,552.1917724609375,201.30870056152344,730.0,210.0,550.7862548828125,228.3655548095703,730.0,236.0
167,552.3536376953125,200.28176879882812,731.0,210.0,550.8729248046875,228.41436767578125,731.0,236.0
168,553.2765502929688,201.80197143554688,732.6549682617188,212.177001953125,551.8557739257812,228.51364135742188,730.8761596679688,238.85842895507812
169,554.3417358398438,201.9347381591797,733.0548095703125,211.90277099609375,552.8491821289062,228.42811584472656,731.7281494140625,238.43643188476562
170,555.2468872070312,201.49298095703125,733.0,211.0,553.7673950195312,228.49411010742188,733.0,237.0
171,555.2664794921875,201.31057739257812,734.0,211.0,553.72314453125,228.472900390625,734.0,237.0
172,556.2951049804688,200.76309204101562,734.0,211.0,554.7305297851562,228.53411865234375,734.0,237.0
173,557.2373657226562,201.20233154296875,736.0,211.0,555.5369262695312,228.4085693359375,736.0,237.0
174,559.3203125,201.71640014648438,736.0,211.0,557.68994140625,228.61758422851562,736.0,237.0
175,559.303466796875,201.8413848876953,737.0,211.0,557.72412109375,228.6896514892578,737.0,237.0
176,561.2686767578125,202.09689331054688,739.0,211.0,559.8004150390625,228.89315795898438,739.0,237.0
177,564.0620727539062,201.94483947753906,742.0363159179688,212.1265106201172,562.4931030273438,228.6172637939453,740.9548950195312,238.08143615722656
178,565.2645263671875,202.23690795898438,743.3827514648438,212.49313354492188,563.781494140625,228.93228149414062,741.8621215820312,238.3448486328125
179,568.1951904296875,202.388916015625,745.3599853515625,212.52000427246094,566.7545166015625,229.040771484375,743.9354248046875,238.16307067871094
180,570.2489624023438,202.391845703125,747.0,212.0,568.8025512695312,229.1514892578125,747.0,237.0
181,571.3076782226562,202.53848266601562,748.0,212.0,570.0271606445312,229.42987060546875,748.0,237.0
182,574.3161010742188,202.83676147460938,751.0,212.0,572.9600219726562,229.280029296875,751.0,237.0
183,578.1939086914062,202.51075744628906,755.0,213.0,576.7230834960938,228.98460388183594,755.0,236.0
184,579.26025390625,202.38087463378906,755.0,213.0,577.7747802734375,228.7478790283203,755.0,236.0
185,582.4343872070312,202.32647705078125,758.0,213.0,580.9354858398438,228.80767822265625,758.0,235.0
186,586.4107666015625,202.40057373046875,762.0,213.0,584.9715576171875,229.02548217773438,762.0,237.0
187,589.2357788085938,202.49630737304688,764.0,213.0,587.7056274414062,229.12100219726562,764.0,237.0
188,593.2317504882812,203.01344299316406,768.0,213.0,591.7042846679688,229.2851104736328,768.0,238.0
189,598.3543701171875,203.11773681640625,773.0,214.0,596.7720947265625,229.38388061523438,773.0,238.0
190,601.3531494140625,203.17294311523438,776.0,214.0,599.7630615234375,229.409912109375,776.0,238.0
191,607.1007080078125,203.3476104736328,782.0,215.0,605.5072021484375,229.48216247558594,782.0,238.0
192,614.1445922851562,204.3969268798828,788.3585205078125,215.62393188476562,612.6799926757812,230.75999450683594,786.9912109375,236.13278198242188
193,616.2861938476562,204.13450622558594,790.0,215.0,614.7448120117188,230.3379669189453,790.0,235.0
194,622.358642578125,204.08236694335938,797.0,215.0,620.783203125,230.07778930664062,797.0,234.0
195,628.6345825195312,204.2137908935547,805.0,215.0,627.1035766601562,230.2413787841797,805.0,234.0
196,632.1876831054688,204.6215362548828,805.0,215.0,630.7384643554688,230.7076873779297,805.0,233.0
197,638.1767578125,205.3744659423828,812.4633178710938,215.82928466796875,636.9019775390625,231.5074005126953,810.7438354492188,231.30490112304688
198,644.257568359375,204.5341033935547,817.0,216.0,642.74267578125,230.79286193847656,817.0,229.0
199,646.30859375,204.85853576660156,820.0,216.0,644.764892578125,230.58592224121094,820.0,230.0
200,652.3897705078125,204.714111328125,823.800048828125,214.60006713867188,650.7720947265625,230.79983520507812,830.2000732421875,227.40005493164062
201,659.27685546875,204.61752319335938,832.0,217.0,657.6240234375,230.78680419921875,832.0,229.0
202,662.3575439453125,205.04147338867188,835.0,217.0,660.797119140625,231.0478515625,835.0,228.0
203,668.337890625,205.25518798828125,841.0,218.0,666.810302734375,231.22415161132812,841.0,229.0
204,674.3582763671875,205.63990783691406,847.0,219.0,672.891845703125,231.6699676513672,847.0,233.0
205,678.2932739257812,205.26597595214844,851.0,219.0,676.6882934570312,231.17539978027344,851.0,232.0
206,685.17236328125,206.06898498535156,857.0,218.0,683.66552734375,231.6862335205078,857.0,235.0
207,692.2344970703125,206.66128540039062,864.0,218.0,690.8404541015625,232.4508056640625,864.0,235.0
208,695.31005859375,206.496337890625,867.0,218.0,693.839599609375,232.59658813476562,867.0,236.0
209,703.2484741210938,206.81671142578125,875.0,218.0,701.7316284179688,232.35037231445312,875.0,235.0
210,710.2211303710938,207.18675231933594,882.0,218.0,708.7382202148438,232.76744079589844,882.0,236.0
211,714.1906127929688,206.9494171142578,885.0,218.0,712.4824829101562,234.28016662597656,885.0,236.0
212,720.4544067382812,206.4106903076172,892.0,218.0,718.5680541992188,233.7633514404297,892.0,236.0
213,728.2354125976562,207.200439453125,899.0,218.0,726.6265258789062,233.17156982421875,899.0,240.0
214,731.1595458984375,208.1908721923828,905.0,218.0,729.6934814453125,233.9939422607422,905.0,241.0
215,738.2344970703125,208.01380920410156,910.0,218.0,736.7276611328125,233.6310577392578,910.0,242.0
216,745.1610717773438,208.1805877685547,918.3069458007812,218.78277587890625,743.6948852539062,233.8396759033203,916.9241333007812,242.2896728515625
217,749.2862548828125,208.13449096679688,921.0,218.0,747.7828369140625,233.693115234375,921.0,242.0
218,758.1776123046875,208.07138061523438,930.0,219.0,756.635009765625,233.52334594726562,930.0,243.0
219,766.315185546875,207.95721435546875,939.0,219.0,764.7081298828125,233.66928100585938,939.0,243.0
220,771.3568115234375,208.57537841796875,944.1571044921875,218.85784912109375,769.926025390625,234.3292236328125,942.927734375,243.44638061523438
221,779.79052734375,209.18954467773438,955.0,219.0,778.4937744140625,235.12469482421875,955.0,243.0
222,789.2180786132812,209.183837890625,961.0,219.0,787.7697143554688,234.5296630859375,961.0,244.0
223,794.3261108398438,208.86195373535156,966.0,219.0,792.6940307617188,234.56785583496094,966.0,244.0
224,803.3897094726562,209.05836486816406,977.507568359375,220.89340209960938,801.7006225585938,234.8164520263672,975.7410888671875,245.62435913085938
225,813.2862548828125,210.1344757080078,988.128662109375,221.71290588378906,811.7828369140625,235.69309997558594,985.6732177734375,246.26734924316406
226,818.8870239257812,210.1425018310547,993.5311279296875,221.62759399414062,817.3678588867188,235.58912658691406,991.4827880859375,246.2069091796875
227,829.2398681640625,210.67999267578125,1006.35400390625,221.33462524414062,827.8153076171875,236.32305908203125,1004.789794921875,246.36187744140625
228,840.8363037109375,210.45578002929688,1014.0,219.0,839.1239013671875,236.14163208007812,1014.0,245.0
229,846.593017578125,210.91725158691406,1020.0,219.0,845.06884765625,236.8275909423828,1020.0,245.0
230,859.2245483398438,211.06996154785156,1035.795166015625,220.34825134277344,857.7437133789062,236.98533630371094,1034.956298828125,246.3534393310547
231,872.203857421875,210.82077026367188,1048.7164306640625,220.3550567626953,870.525146484375,237.00802612304688,1047.9266357421875,246.42201232910156
232,878.1753540039062,211.84307861328125,1055.6785888671875,220.24794006347656,876.7261352539062,237.92922973632812,1054.9306640625,246.4265594482422
233,889.2139892578125,211.415771484375,1066.727294921875,221.36029052734375,887.650390625,237.60601806640625,1065.7904052734375,246.65890502929688
234,901.1962280273438,211.73179626464844,1078.96484375,220.87855529785156,899.6322631835938,237.79795837402344,1077.912109375,247.1964569091797
235,907.1622314453125,211.97299194335938,1086.1041259765625,221.8144989013672,905.76953125,237.96981811523438,1084.855224609375,248.04075622558594
236,919.1600341796875,212.12001037597656,1098.2852783203125,222.0135955810547,917.7138671875,238.15077209472656,1097.0386962890625,248.1923370361328
237,929.6712646484375,212.24586486816406,1110.22802734375,222.43153381347656,928.3011474609375,238.2790069580078,1108.6474609375,248.9043426513672
238,934.796630859375,212.13197326660156,1116.218505859375,222.0677032470703,933.40771484375,238.0575714111328,1114.769287109375,248.1538543701172
239,946.1766357421875,211.70590209960938,1128.2347412109375,222.4823455810547,944.7666625976562,238.02322387695312,1126.4825439453125,248.76551818847656
240,957.2415771484375,210.97451782226562,1140.2452392578125,222.07781982421875,955.6585083007812,237.35952758789062,1138.5914306640625,248.53695678710938
241,962.2037353515625,211.22723388671875,1146.070068359375,221.87936401367188,960.7908935546875,237.3670654296875,1144.40478515625,248.5252685546875
242,972.3231201171875,210.15487670898438,1156.9039306640625,221.08511352539062,970.5797119140625,236.30532836914062,1155.2625732421875,248.16744995117188
243,982.2813720703125,210.07321166992188,1167.8892822265625,219.73333740234375,980.7891845703125,236.18792724609375,1166.6478271484375,246.6298828125
244,987.531005859375,209.97242736816406,1173.961669921875,220.89324951171875,986.0,236.00001525878906,1172.381103515625,247.36605834960938
245,997.3924560546875,209.97357177734375,1185.010986328125,220.50074768066406,996.2604370117188,236.01129150390625,1183.268798828125,247.2132110595703
246,1007.162353515625,209.26791381835938,1195.92626953125,220.18289184570312,1006.0227661132812,235.479248046875,1194.233642578125,247.26461791992188
247,1012.0,210.0,1202.15576171875,219.5438995361328,1012.0,237.0,1200.53515625,246.82386779785156
248,1022.0,210.0,1211.8311767578125,219.14987182617188,1022.0,237.0,1210.2049560546875,246.2523193359375
249,1031.3037109375,208.01318359375,1221.6785888671875,218.93341064453125,1030.158447265625,234.35470581054688,1219.8448486328125,246.1356201171875
250,1036.0,208.0,1227.9129638671875,218.69659423828125,1036.0,235.0,1226.1817626953125,245.82012939453125
251,1045.0,208.0,1237.894287109375,218.02354431152344,1045.0,234.0,1236.255126953125,245.47792053222656
252,1053.0,208.0,1247.87890625,216.88433837890625,1053.0,234.0,1246.355224609375,244.81939697265625
253,1058.0,208.0,1252.1011962890625,217.38133239746094,1058.0,233.0,1250.3736572265625,245.0233612060547
254,1066.0,207.0,1261.9884033203125,217.18678283691406,1066.0,233.0,1260.2413330078125,245.1400909423828
255,1074.0,207.0,1270.198486328125,216.8249053955078,1074.0,232.0,1268.439697265625,244.96498107910156
256,1078.0,207.0,1276.037841796875,216.3551483154297,1078.0,232.0,1274.38623046875,244.43446350097656
257,1086.0,213.0,1280.5845947265625,215.53375244140625,1086.0,230.0,1278.9359130859375,244.1116943359375
258,1108.2606201171875,203.8288116455078,1280.7120361328125,214.6070098876953,1106.4786376953125,232.34242248535156,1278.9300537109375,243.12062072753906
259,1108.2083740234375,204.2756805419922,1280.5718994140625,213.9280242919922,1106.6109619140625,232.80223083496094,1278.9744873046875,242.45457458496094
260,1109.462158203125,202.48995971679688,1280.659912109375,213.02520751953125,1107.7041015625,231.05868530273438,1278.90185546875,241.59393310546875
261,1110.254638671875,201.75526428222656,1280.621337890625,211.97727966308594,1108.5400390625,230.33238220214844,1278.90673828125,240.5543975830078
262,1113.3184814453125,200.94131469726562,1280.7330322265625,211.48709106445312,1111.5147705078125,229.57571411132812,1278.9293212890625,240.12149047851562
263,1117.24609375,200.56922912597656,1280.52001953125,209.63999938964844,1115.6552734375,229.2030792236328,1278.92919921875,238.2738494873047
264,1122.4942626953125,198.84814453125,1280.6707763671875,208.43460083007812,1120.7559814453125,227.53067016601562,1278.9324951171875,237.11712646484375
265,1126.1146240234375,198.9047393798828,1280.5123291015625,207.3483428955078,1124.5418701171875,227.66249084472656,1278.9395751953125,236.10609436035156
266,1131.976318359375,197.75341796875,1280.57568359375,206.16470336914062,1130.373046875,226.0777587890625,1278.972412109375,234.48904418945312
267,1138.1624755859375,196.95533752441406,1280.5174560546875,204.54759216308594,1136.6251220703125,225.78001403808594,1278.9801025390625,233.3722686767578
268,1141.76611328125,196.8251953125,1280.5498046875,204.32699584960938,1140.21044921875,225.60595703125,1278.994140625,233.10775756835938
269,1148.1824951171875,195.83743286132812,1280.5303955078125,203.472900390625,1146.5150146484375,224.74124145507812,1278.8629150390625,232.376708984375
270,1155.8809814453125,195.24664306640625,1280.6898193359375,202.69790649414062,1154.1734619140625,223.84619140625,1278.9822998046875,231.29745483398438
271,1158.864501953125,195.13162231445312,1280.673583984375,202.21356201171875,1157.1806640625,224.09185791015625,1278.98974609375,231.17379760742188
272,1165.190673828125,194.09446716308594,1280.7919921875,201.6748809814453,1163.291748046875,223.0519256591797,1278.89306640625,230.63233947753906
273,1171.1820068359375,194.0419464111328,1280.7364501953125,200.7837677001953,1169.4041748046875,222.9325408935547,1278.9586181640625,229.6743621826172
274,1173.743896484375,194.42431640625,1280.57373046875,200.27801513671875,1172.1611328125,223.3101806640625,1278.990966796875,229.16387939453125
275,1179.024658203125,194.19090270996094,1280.477294921875,199.43846130371094,1177.520751953125,223.26829528808594,1278.973388671875,228.51585388183594
276,1183.7691650390625,194.2326202392578,1280.3685302734375,198.94480895996094,1182.3389892578125,223.55308532714844,1278.9383544921875,228.26527404785156
277,1186.790771484375,193.76611328125,1280.556884765625,198.975341796875,1185.19384765625,222.5107421875,1278.9599609375,227.719970703125
278,1191.109619140625,193.1024627685547,1280.60009765625,198.26539611816406,1189.42333984375,222.3321075439453,1278.913818359375,227.4950408935547
279,1194.251708984375,192.72067260742188,1280.65869140625,197.80343627929688,1192.527587890625,222.03103637695312,1278.9345703125,227.11380004882812
280,1196.1470947265625,193.057373046875,1280.4364013671875,197.27182006835938,1194.6932373046875,222.13467407226562,1278.9825439453125,226.34912109375
281,1198.1845703125,192.30923461914062,1280.428955078125,196.42144775390625,1196.74072265625,221.18704223632812,1278.985107421875,225.29925537109375
282,1199.0714111328125,192.21664428710938,1280.3665771484375,196.21475219726562,1197.6422119140625,221.27749633789062,1278.9373779296875,225.27560424804688
283,1199.9046630859375,191.7169189453125,1280.5445556640625,196.19692993164062,1198.2984619140625,220.627685546875,1278.9383544921875,225.10769653320312
284,1200.2154541015625,191.1230926513672,1280.5784912109375,195.5877227783203,1198.5877685546875,220.4215545654297,1278.9508056640625,224.8861846923828
285,1200.237548828125,190.84213256835938,1280.5751953125,195.432861328125,1198.55810546875,220.23187255859375,1278.895751953125,224.82260131835938
286,1200.2518310546875,190.720703125,1280.6207275390625,195.44827270507812,1198.5208740234375,220.14828491210938,1278.8897705078125,224.8758544921875
287,1200.9461669921875,190.39068603515625,1280.6834716796875,195.2232666015625,1199.1602783203125,219.85821533203125,1278.8975830078125,224.6907958984375
288,1201.1064453125,189.50759887695312,1280.91357421875,195.20809936523438,1198.98974609375,219.14212036132812,1278.796875,224.84262084960938
289,1201.3836669921875,189.70794677734375,1280.9002685546875,195.12954711914062,1199.3631591796875,219.34292602539062,1278.8797607421875,224.7645263671875
290,1201.1510009765625,190.04718017578125,1280.6363525390625,194.63287353515625,1199.4503173828125,219.5260009765625,1278.9356689453125,224.1116943359375
291,1200.98193359375,189.97972106933594,1280.639892578125,194.5753936767578,1199.27783203125,219.5160369873047,1278.935791015625,224.11170959472656
292,1200.7520751953125,189.96646118164062,1280.6400146484375,194.57537841796875,1199.0479736328125,219.50277709960938,1278.9359130859375,224.1116943359375
293,1200.0118408203125,189.46221923828125,1280.6663818359375,194.11538696289062,1198.2813720703125,219.45852661132812,1278.9359130859375,224.1116943359375
294,1198.486328125,189.73448181152344,1280.672607421875,194.56895446777344,1196.738037109375,219.45518493652344,1278.92431640625,224.28965759277344
295,1197.251708984375,189.720703125,1280.6689453125,194.62759399414062,1195.4931640625,219.61724853515625,1278.910400390625,224.52413940429688
296,1194.6907958984375,190.18453979492188,1280.4263916015625,194.4713134765625,1193.1995849609375,220.00997924804688,1278.9351806640625,224.2967529296875
297,1192.1507568359375,190.0590362548828,1280.5081787109375,194.5901641845703,1190.6202392578125,219.9036102294922,1278.9776611328125,224.4347381591797
298,1191.17529296875,189.84307861328125,1280.621337890625,194.81231689453125,1189.52294921875,219.58462524414062,1278.968994140625,224.55386352539062
299,1188.748046875,190.03741455078125,1280.4189453125,194.62094116210938,1187.26416015625,219.71322631835938,1278.93505859375,224.2967529296875
300,1186.68310546875,189.70462036132812,1280.56005859375,194.92001342773438,1185.024658203125,219.55691528320312,1278.901611328125,224.77230834960938
301,1185.14453125,190.1072235107422,1280.406494140625,194.8703155517578,1183.663330078125,219.73316955566406,1278.92529296875,224.4962615966797
302,1182.206787109375,189.43228149414062,1280.673095703125,195.14047241210938,1180.466064453125,219.4617919921875,1278.932373046875,225.16998291015625
303,1179.093505859375,189.37318420410156,1280.654541015625,195.2100067138672,1177.360595703125,219.52647399902344,1278.921630859375,225.36329650878906
304,1177.0968017578125,189.35865783691406,1280.6795654296875,195.4517364501953,1175.3277587890625,219.4310760498047,1278.9105224609375,225.52415466308594
305,1173.97509765625,189.47238159179688,1280.52197265625,195.08010864257812,1172.384033203125,219.70443725585938,1278.930908203125,225.31216430664062
306,1168.794189453125,189.3235321044922,1280.398193359375,194.6380157470703,1167.36669921875,219.3031768798828,1278.970703125,224.61766052246094
307,1166.247802734375,188.28318786621094,1280.805419921875,195.9203643798828,1164.239013671875,218.4159393310547,1278.796630859375,226.05311584472656
308,1160.75341796875,189.1787567138672,1280.386962890625,194.87559509277344,1159.328125,219.1108856201172,1278.961669921875,224.80772399902344
309,1154.9949951171875,189.09976196289062,1280.4813232421875,195.37408447265625,1153.4962158203125,219.0748291015625,1278.9825439453125,225.34915161132812
310,1152.251708984375,188.72071838378906,1280.689697265625,196.27586364746094,1150.49658203125,218.5586395263672,1278.9345703125,226.11378479003906
311,1146.4862060546875,188.7344970703125,1280.6104736328125,196.6241455078125,1144.7310791015625,218.57241821289062,1278.8553466796875,226.46206665039062
312,1141.2967529296875,188.30296325683594,1280.8243408203125,197.11521911621094,1139.4222412109375,217.9845733642578,1278.9498291015625,226.7968292236328
313,1138.4202880859375,188.27627563476562,1280.8016357421875,197.17510986328125,1136.5643310546875,217.9727783203125,1278.9456787109375,226.87161254882812
314,1133.949462890625,188.17698669433594,1280.740966796875,196.98448181152344,1132.175048828125,217.7505340576172,1278.966552734375,226.5580291748047
315,1129.151123046875,187.60958862304688,1280.694091796875,197.18069458007812,1127.279052734375,217.24923706054688,1278.822021484375,226.82034301757812
316,1126.1541748046875,187.5842742919922,1280.7584228515625,197.45265197753906,1124.2606201171875,217.2506561279297,1278.8648681640625,227.11903381347656
317,1120.1253662109375,187.9075469970703,1280.6475830078125,197.5388946533203,1118.3450927734375,217.5807342529297,1278.8673095703125,227.2120819091797
318,1114.2279052734375,187.4385986328125,1280.7857666015625,198.09829711914062,1112.3360595703125,216.99752807617188,1278.8939208984375,227.6572265625
319,1111.2125244140625,187.49774169921875,1280.7110595703125,197.7703857421875,1109.4339599609375,216.844482421875,1278.9324951171875,227.11712646484375
320,1106.214111328125,187.41578674316406,1280.622314453125,197.8282012939453,1104.472900390625,216.5804901123047,1278.881103515625,226.99290466308594
321,1101.2572021484375,186.71542358398438,1280.7110595703125,197.482666015625,1099.4923095703125,216.12954711914062,1278.9461669921875,226.89678955078125
322,1098.5826416015625,186.8046875,1280.6453857421875,197.20828247070312,1096.8739013671875,216.70706176757812,1278.9366455078125,227.11065673828125
323,1094.6820068359375,185.98916625976562,1280.7642822265625,197.51638793945312,1092.8677978515625,215.2750244140625,1278.9500732421875,226.80224609375
324,1091.328125,185.65203857421875,1280.762451171875,197.27377319335938,1089.51708984375,215.17282104492188,1278.951416015625,226.7945556640625
325,1089.3004150390625,186.02484130859375,1280.7161865234375,197.58688354492188,1087.5352783203125,215.24710083007812,1278.9510498046875,226.80914306640625
326,1086.2921142578125,186.1070098876953,1280.6888427734375,197.71275329589844,1084.5491943359375,215.3014678955078,1278.9459228515625,226.90721130371094
327,1083.27001953125,186.17037963867188,1280.60986328125,197.20181274414062,1081.6162109375,215.75494384765625,1278.9560546875,226.786376953125
328,1082.2841796875,185.97837829589844,1280.6298828125,197.2054901123047,1080.621337890625,215.35594177246094,1278.967041015625,226.5830535888672
329,1080.31396484375,185.66552734375,1280.620849609375,197.44827270507812,1078.5966796875,214.858642578125,1278.903564453125,226.64138793945312
330,1078.298828125,184.3169403076172,1280.89892578125,197.24888610839844,1076.39990234375,214.0680694580078,1279.0,227.00001525878906
331,1077.2239990234375,185.18968200683594,1280.6964111328125,197.1586151123047,1075.4964599609375,214.5586395263672,1278.9688720703125,226.52757263183594
332,1075.5369873046875,184.40855407714844,1277.4981689453125,197.03111267089844,1073.7315673828125,213.2957305908203,1275.6927490234375,225.9182891845703
333,1074.3272705078125,184.5095672607422,1273.5863037109375,196.3859405517578,1072.6099853515625,213.3211212158203,1271.8690185546875,225.19749450683594
334,1072.7225341796875,184.15383911132812,1272.5648193359375,196.33932495117188,1070.9637451171875,212.997802734375,1270.8060302734375,225.18328857421875
335,1071.2158203125,184.06199645996094,1271.2890625,196.2615509033203,1069.45703125,212.9059600830078,1269.5302734375,225.1055145263672
336,1069.30126953125,183.97811889648438,1268.504150390625,195.9302978515625,1067.567626953125,212.87408447265625,1266.7705078125,224.82626342773438
337,1068.2265625,184.0540008544922,1267.431396484375,195.48377990722656,1066.54833984375,213.30198669433594,1265.753173828125,224.7317657470703
338,1066.199951171875,183.55810546875,1265.3408203125,195.13607788085938,1064.48583984375,213.03985595703125,1263.626708984375,224.61782836914062
339,1064.2923583984375,183.150146484375,1263.3531494140625,195.14175415039062,1062.5574951171875,211.94924926757812,1261.6182861328125,223.94085693359375
340,1063.8475341796875,182.93057250976562,1262.2120361328125,194.8802490234375,1062.1046142578125,211.86172485351562,1260.4691162109375,223.8114013671875
341,1062.2242431640625,183.18966674804688,1259.4827880859375,194.7930908203125,1060.5345458984375,211.913818359375,1257.7930908203125,223.51724243164062
342,1060.205322265625,183.41940307617188,1257.391845703125,194.72308349609375,1058.570068359375,211.94351196289062,1255.756591796875,223.2471923828125
343,1059.222900390625,183.1613006591797,1256.58984375,194.62132263183594,1057.5625,211.75523376464844,1254.929443359375,223.2152557373047
344,1057.24072265625,182.96961975097656,1256.322265625,194.8550567626953,1055.545654296875,211.36097717285156,1254.627197265625,223.2464141845703
345,1055.1356201171875,182.7838134765625,1252.1114501953125,194.84356689453125,1053.4090576171875,210.98422241210938,1250.3848876953125,223.04397583007812
346,1054.263916015625,182.68963623046875,1250.609619140625,194.7108154296875,1052.521240234375,211.15435791015625,1248.866943359375,223.175537109375
347,1052.205078125,183.4298095703125,1248.509521484375,194.69317626953125,1050.583984375,211.68106079101562,1246.888427734375,222.94442749023438
348,1050.554443359375,183.43795776367188,1246.51904296875,194.7982177734375,1048.921630859375,211.60418701171875,1244.88623046875,222.96444702148438
349,1050.1475830078125,183.52069091796875,1245.4200439453125,195.14404296875,1048.4783935546875,211.56417846679688,1243.7508544921875,223.18753051757812
350,1047.290771484375,183.88015747070312,1242.478759765625,194.97039794921875,1045.694091796875,211.98260498046875,1240.882080078125,223.07284545898438
351,1046.1707763671875,184.00975036621094,1241.3336181640625,195.1619110107422,1044.5711669921875,212.00404357910156,1239.7340087890625,223.1562042236328
352,1045.2276611328125,183.7410888671875,1240.2689208984375,195.561767578125,1043.5333251953125,211.69900512695312,1238.5745849609375,223.51968383789062
353,1042.520751953125,184.14828491210938,1236.55517578125,195.56207275390625,1040.858642578125,212.4034423828125,1234.89306640625,223.81723022460938
354,1040.215087890625,185.04432678222656,1234.326416015625,195.59385681152344,1038.681396484375,213.2653045654297,1232.792724609375,223.81483459472656
355,1039.3233642578125,185.05020141601562,1233.3265380859375,195.59384155273438,1037.7884521484375,213.29287719726562,1231.7916259765625,223.83651733398438
356,1037.52783203125,184.37925720214844,1230.640625,196.20249938964844,1035.7900390625,212.7626495361328,1228.90283203125,224.5858917236328
357,1034.5291748046875,184.40176391601562,1227.5213623046875,196.2781982421875,1032.7984619140625,212.52603149414062,1225.7906494140625,224.4024658203125
358,1033.529296875,185.47384643554688,1226.21240234375,196.178466796875,1031.972412109375,213.49847412109375,1224.655517578125,224.20309448242188
359,1031.1282958984375,184.9254608154297,1223.4954833984375,196.82447814941406,1029.4068603515625,212.7571258544922,1221.7740478515625,224.65614318847656
360,1028.208740234375,185.50503540039062,1219.4375,196.92166137695312,1026.53515625,213.5394287109375,1217.763916015625,224.9560546875
361,1026.3663330078125,185.22959899902344,1218.4334716796875,197.42430114746094,1024.5826416015625,213.3227081298828,1216.6497802734375,225.5174102783203
362,1024.2357177734375,185.28482055664062,1214.626953125,197.37313842773438,1022.4420776367188,213.5360107421875,1212.8333740234375,225.62432861328125
363,1021.134765625,186.08810424804688,1211.35009765625,197.50103759765625,1019.45849609375,214.02752685546875,1209.673828125,225.44046020507812
364,1019.1588134765625,186.2759246826172,1209.328369140625,197.36915588378906,1017.5243530273438,214.29725646972656,1207.6939697265625,225.39048767089844
365,1016.218505859375,187.06768798828125,1206.52001953125,197.6400146484375,1014.6738891601562,214.87075805664062,1204.975341796875,225.44308471679688
366,1013.11767578125,186.8379669189453,1202.508056640625,198.49278259277344,1011.4284057617188,214.28785705566406,1200.81884765625,225.9426727294922
367,1011.232177734375,187.15196228027344,1200.47412109375,198.5717010498047,1009.58447265625,214.4576873779297,1198.826416015625,225.87742614746094
368,1007.141357421875,187.59657287597656,1195.4310302734375,198.6724090576172,1005.5103759765625,215.3241729736328,1193.800048828125,226.40000915527344
369,1002.2484130859375,187.7793426513672,1190.4794921875,198.8517303466797,1000.6380004882812,215.1551971435547,1188.8690185546875,226.2275848388672
370,1000.2607421875,187.8288116455078,1187.467041015625,199.52919006347656,998.560302734375,215.03504943847656,1185.7666015625,226.7354278564453
371,995.01318359375,188.03067016601562,1181.304443359375,199.15249633789062,993.375,215.47018432617188,1179.666259765625,226.59201049804688
372,986.3271484375,187.94923400878906,1171.3642578125,199.9300994873047,984.56201171875,215.2090606689453,1169.59912109375,227.18992614746094
373,980.24951171875,188.85841369628906,1164.448486328125,199.9547576904297,978.608642578125,216.09690856933594,1162.8076171875,227.19325256347656
374,966.3372802734375,187.85821533203125,1152.242919921875,200.04873657226562,964.5059204101562,215.78729248046875,1150.4114990234375,227.97781372070312
375,954.2550048828125,188.9844207763672,1136.2989501953125,200.54273986816406,952.5264892578125,216.20802307128906,1134.5704345703125,227.76634216308594
376,946.0810546875,189.98487854003906,1128.324951171875,200.9195098876953,944.47998046875,216.66880798339844,1126.723876953125,227.6034393310547
377,930.062744140625,190.81829833984375,1110.362548828125,201.97088623046875,928.4136352539062,217.47918701171875,1108.7135009765625,228.63177490234375
378,912.32763671875,190.97793579101562,1090.526123046875,202.59957885742188,910.5162963867188,218.7510986328125,1088.71484375,230.37274169921875
379,902.5142822265625,191.56793212890625,1080.43798828125,202.41693115234375,900.8917236328125,218.17633056640625,1078.8154296875,229.02532958984375
380,883.079833984375,192.0048370361328,1059.34521484375,202.5807647705078,881.4776611328125,218.7086944580078,1057.7430419921875,229.2846221923828
381,861.3291015625,193.15936279296875,1036.1826171875,203.01028442382812,859.8412475585938,219.56851196289062,1034.6947021484375,229.41943359375
382,850.2182006835938,193.8535919189453,1024.10498046875,203.00550842285156,848.8259887695312,220.30662536621094,1022.7127075195312,229.4585418701172
383,827.3560180664062,194.4379119873047,1001.0383911132812,203.86253356933594,825.9401245117188,220.53163146972656,999.6224975585938,229.9562530517578
384,803.3953857421875,195.0797119140625,974.152099609375,204.83724975585938,801.927490234375,220.76727294921875,972.6842041015625,230.52481079101562
385,791.63037109375,194.91441345214844,962.0894775390625,205.56809997558594,790.00390625,220.93775939941406,960.4630126953125,231.59144592285156
386,767.47998046875,196.36000061035156,936.1260986328125,205.72923278808594,766.055419921875,222.00306701660156,934.7015380859375,231.37229919433594
387,743.8477172851562,195.8611602783203,912.1792602539062,206.7212677001953,742.1854858398438,221.62489318847656,910.5170288085938,232.48500061035156
388,732.2344970703125,197.01380920410156,900.0655517578125,206.88621520996094,730.7310791015625,222.5724334716797,898.5621337890625,232.44483947753906
389,708.416015625,196.76107788085938,874.27880859375,207.818603515625,706.69482421875,222.57965087890625,872.5576171875,233.63717651367188
390,684.20068359375,199.0872344970703,848.9468994140625,207.53575134277344,682.8905029296875,224.6354217529297,847.63671875,233.0839385986328
391,672.1964721679688,199.77658081054688,835.9120483398438,207.3912353515625,671.0123901367188,225.23312377929688,834.7279663085938,232.8477783203125
392,648.2514038085938,200.2237548828125,810.8535766601562,208.78176879882812,646.9281616210938,225.3646240234375,809.5303344726562,233.92263793945312
393,625.30517578125,200.7099151611328,786.921142578125,210.03392028808594,623.8720703125,225.55030822753906,785.488037109375,234.8743133544922
394,614.3025512695312,201.059326171875,774.1726684570312,210.8472900390625,612.8037719726562,225.53900146484375,772.6738891601562,235.32696533203125
395,590.593994140625,202.71548461914062,755.9254150390625,211.41714477539062,589.312255859375,227.06906127929688,754.6436767578125,235.77072143554688
396,568.3037719726562,203.22650146484375,726.8120727539062,211.56903076171875,567.0220336914062,227.58010864257812,725.5303344726562,235.92263793945312
397,557.3309936523438,203.37242126464844,714.1412963867188,212.59654235839844,555.9137573242188,227.4655303955078,712.7240600585938,236.6896514892578
398,535.3741455078125,204.51870727539062,691.9327392578125,212.34664916992188,534.1746826171875,228.50872802734375,690.7332763671875,236.336669921875
399,514.6240844726562,204.60952758789062,670.0341186523438,213.12515258789062,513.3107299804688,228.57864379882812,668.7207641601562,237.09426879882812
400,504.35906982421875,205.17678833007812,659.8232421875,213.35910034179688,503.1076965332031,228.95303344726562,658.5718383789062,237.13534545898438
401,484.2237548828125,205.7486114501953,638.060791015625,213.8452911376953,482.9806823730469,229.3673858642578,636.8177490234375,237.4640655517578
402,466.284423828125,205.63629150390625,619.0216064453125,213.73599243164062,465.0093078613281,229.68231201171875,617.7464599609375,237.78201293945312
403,457.1922607421875,206.67523193359375,609.868408203125,213.46084594726562,456.126708984375,230.65008544921875,608.8028564453125,237.43569946289062
404,441.19232177734375,206.9615478515625,593.7036743164062,214.2239990234375,440.06561279296875,230.6221923828125,592.5769653320312,237.8846435546875
405,425.24444580078125,207.1122283935547,576.8653564453125,214.6932830810547,424.0723571777344,230.5536346435547,575.6932373046875,238.1346893310547
406,417.4547119140625,207.3758087158203,568.8255004882812,214.5271759033203,416.360107421875,230.54457092285156,567.7308959960938,237.69593811035156
407,404.1949462890625,207.5821533203125,556.0023803710938,214.279541015625,403.177001953125,230.65487670898438,554.9844360351562,237.35226440429688
408,392.17529296875,208.1443328857422,542.773193359375,214.9896697998047,391.1546630859375,230.5979461669922,541.7525634765625,237.4432830810547
409,388.1796875,208.6520538330078,537.7919921875,214.8343963623047,387.2418212890625,231.3488311767578,536.8541259765625,237.5311737060547
410,382.108154296875,209.3513641357422,531.7974853515625,215.4611358642578,381.17919921875,232.10935974121094,530.8685302734375,238.21913146972656
411,379.12213134765625,209.41143798828125,527.9700927734375,216.43258666992188,378.0516052246094,232.10623168945312,526.8995971679688,239.12738037109375
412,378.4525146484375,209.49777221679688,527.9705810546875,216.61767578125,377.380126953125,232.01812744140625,526.898193359375,239.13803100585938
413,381.4013671875,209.8716583251953,528.979736328125,217.1594696044922,380.3048095703125,232.07676696777344,527.8831787109375,239.3645782470703
414,385.19580078125,210.4106903076172,532.79296875,218.46144104003906,383.9904479980469,232.5085906982422,531.587646484375,240.55934143066406
415,387.24334716796875,211.0118408203125,533.918701171875,218.166748046875,386.1560974121094,233.30026245117188,532.8314208984375,240.45516967773438
416,392.27545166015625,211.6295166015625,538.7108154296875,219.13900756835938,391.14886474609375,233.59738159179688,537.584228515625,241.10687255859375
417,400.340087890625,211.30392456054688,544.08154296875,219.88546752929688,398.9975891113281,233.79095458984375,542.739013671875,242.37249755859375
418,403.2044677734375,212.88816833496094,546.6549682617188,218.62620544433594,402.3194580078125,235.0127716064453,545.7699584960938,240.7508087158203
419,410.4332275390625,211.9244842529297,550.134033203125,220.4775848388672,409.0627136230469,234.30995178222656,548.7635498046875,242.86305236816406
420,418.2928466796875,212.43646240234375,556.0165405273438,219.68508911132812,417.140869140625,234.32321166992188,554.8645629882812,241.57183837890625
421,422.16461181640625,213.04852294921875,557.845703125,218.701904296875,421.2425842285156,235.1767578125,556.9236450195312,240.83013916015625
422,430.4588623046875,212.8229217529297,562.9775390625,219.44886779785156,429.359130859375,234.8179473876953,561.8778076171875,241.4438934326172
423,438.27899169921875,213.3032989501953,567.8040771484375,218.70018005371094,437.3570251464844,235.43153381347656,566.8821411132812,240.8284149169922
424,441.6932373046875,213.36221313476562,569.8040771484375,218.70016479492188,440.7746887207031,235.40728759765625,568.8855590820312,240.7452392578125
425,449.68231201171875,213.21609497070312,574.739013671875,218.98794555664062,448.6683654785156,235.1846923828125,573.7250366210938,240.95654296875
426,434.0,215.0,578.7579345703125,219.083740234375,434.0,232.0,577.7059326171875,241.17648315429688
427,436.0,215.0,579.9532470703125,219.25184631347656,436.0,232.0,578.8314208984375,241.31346130371094
428,439.0,214.0,583.009521484375,219.49142456054688,439.0,233.0,581.8052368164062,241.57119750976562
429,442.0,214.0,585.8492431640625,218.61871337890625,442.0,234.0,584.932373046875,240.62216186523438
430,443.0,214.0,587.762939453125,218.83392333984375,443.0,234.0,586.7811889648438,240.92361450195312
431,445.0,213.0,590.6802978515625,218.33387756347656,445.0,233.0,589.7755126953125,240.5010223388672
432,447.0,213.0,592.6895751953125,217.79531860351562,447.0,233.0,591.7352294921875,240.2227783203125
433,447.0,213.0,592.6932373046875,217.71035766601562,447.0,233.0,591.7532958984375,239.79803466796875
434,448.2213439941406,209.56558227539062,592.2677001953125,217.8241729736328,446.2951354980469,230.75411987304688,591.1434326171875,239.5591278076172
435,446.0,210.0,590.905517578125,215.7194061279297,446.0,231.0,589.9620361328125,237.8920135498047
436,445.0,210.0,591.1046752929688,216.8777313232422,445.0,231.0,589.6870727539062,238.8507843017578
437,444.0,209.0,590.6727905273438,214.8806610107422,444.0,230.0,589.5501708984375,236.7718048095703
438,443.0,207.0,589.9072265625,212.94796752929688,443.0,229.0,588.84619140625,235.23077392578125
439,442.0,206.0,589.0845336914062,212.9250946044922,442.0,227.0,587.7561645507812,235.0653839111328
440,442.1781005859375,203.1917724609375,588.818603515625,210.85504150390625,441.380859375,224.71780395507812,587.605224609375,233.302978515625
441,440.6999816894531,201.1342315673828,587.024658203125,209.55690002441406,439.0110778808594,222.52720642089844,585.7876586914062,231.82151794433594
442,440.0,203.0,587.00341796875,208.94139099121094,440.0,225.0,585.6517333984375,231.9207000732422
443,438.7137756347656,199.8655242919922,586.182861328125,208.07394409179688,437.4413757324219,221.49656677246094,584.7431640625,231.10894775390625
444,437.5663757324219,198.5044403076172,584.896484375,206.7586212158203,436.1150207519531,220.2743377685547,583.5413208007812,229.7965545654297
445,436.3360900878906,198.60618591308594,584.3760375976562,206.65318298339844,435.3608093261719,220.0618438720703,582.6830444335938,229.22621154785156
446,434.4132995605469,196.76644897460938,582.837890625,204.7551727294922,433.1521301269531,218.83724975585938,581.4827270507812,227.79310607910156
447,432.4328308105469,196.74745178222656,580.9876708984375,203.22154235839844,431.6041564941406,218.29249572753906,579.74462890625,225.59693908691406
448,432.15362548828125,196.00592041015625,581.0941772460938,203.77647399902344,431.31610107421875,217.78140258789062,579.3823852539062,226.02940368652344
449,430.244384765625,194.8897247314453,578.6453857421875,202.93161010742188,429.34661865234375,217.3338165283203,576.8743286132812,225.06991577148438
450,428.3516540527344,194.15542602539062,577.5517578125,202.37933349609375,427.5682067871094,216.09173583984375,575.6759033203125,224.88967895507812
451,428.17950439453125,194.25559997558594,577.623291015625,201.9253692626953,427.49365234375,216.2029266357422,575.7158203125,224.33750915527344
452,426.40887451171875,192.2320556640625,576.4517822265625,200.67514038085938,425.22930908203125,214.64364624023438,574.8680419921875,222.84771728515625
453,425.6712341308594,191.245849609375,575.4161987304688,200.172607421875,424.4806213378906,213.86740112304688,573.8223266601562,222.48733520507812
454,425.3861389160156,190.62948608398438,575.3553466796875,200.025390625,424.0155944824219,213.24337768554688,573.7513427734375,222.48223876953125
455,424.3803405761719,190.58363342285156,575.182373046875,199.62939453125,423.2498474121094,212.6282196044922,573.482421875,221.72940063476562
456,424.181396484375,190.0082550048828,573.5279541015625,198.60916137695312,423.1669921875,212.32579040527344,571.903564453125,221.35028076171875
457,423.3814392089844,188.64291381835938,572.7781372070312,197.3240966796875,422.0315246582031,211.14190673828125,571.8422241210938,219.78509521484375
458,422.4921875,187.87832641601562,573.295166015625,197.7541046142578,421.12353515625,210.4620361328125,571.336181640625,219.3032989501953
459,422.29998779296875,186.89999389648438,572.89013671875,196.57855224609375,420.98968505859375,209.17587280273438,570.9844970703125,218.17510986328125
460,422.27996826171875,186.95999145507812,572.1261596679688,195.72921752929688,421.0338439941406,209.39077758789062,570.9138793945312,217.55075073242188
461,421.332275390625,186.01849365234375,570.8699340820312,194.1195831298828,420.0676574707031,208.78155517578125,569.9479370117188,216.24781799316406
462,420.41650390625,185.67083740234375,571.2047119140625,194.5313720703125,419.2843322753906,208.31423950195312,569.711181640625,216.18698120117188
463,420.1650390625,185.79078674316406,571.3033447265625,194.66395568847656,419.2759704589844,208.46180725097656,569.368896484375,215.94264221191406
464,419.2247314453125,184.980224609375,569.0,192.0,418.2076416015625,207.69586181640625,569.0,214.0
465,418.15167236328125,183.81674194335938,568.0,191.0,417.08148193359375,206.28958129882812,568.0,214.0
466,417.65362548828125,183.62063598632812,568.0,191.0,416.62066650390625,206.34640502929688,568.0,213.0
467,416.42767333984375,182.30154418945312,566.0,191.0,415.1569519042969,205.17538452148438,566.0,213.0
468,415.25933837890625,181.81295776367188,567.2459716796875,191.2950897216797,414.09979248046875,205.00497436523438,565.327880859375,212.39344787597656
469,414.24896240234375,181.7737579345703,565.0,190.0,413.17877197265625,204.24659729003906,565.0,212.0
470,413.39404296875,181.11972045898438,564.0,190.0,412.2493896484375,204.01248168945312,564.0,211.0
471,412.27777099609375,181.07553100585938,561.7969360351562,189.1573486328125,411.21295166015625,203.79122924804688,563.3451538085938,210.83248901367188
472,411.63299560546875,180.917724609375,562.0,190.0,410.53363037109375,203.63873291015625,562.0,210.0
473,410.17254638671875,180.6868896484375,561.0,190.0,409.2460021972656,203.84982299804688,561.0,210.0
474,407.7806396484375,179.14254760742188,559.0,191.0,406.4889831542969,202.06979370117188,559.0,209.0
475,406.29119873046875,179.3226318359375,558.0,190.0,405.1278991699219,202.00656127929688,558.0,208.0
476,404.63946533203125,178.6365203857422,556.0,190.0,403.4431457519531,201.76429748535156,556.0,209.0
477,403.2144775390625,178.71072387695312,537.778076171875,185.43890380859375,402.0598449707031,201.802978515625,536.6234130859375,208.53115844726562
478,402.23870849609375,178.3455810546875,537.8052368164062,185.29769897460938,401.05841064453125,201.36196899414062,536.6249389648438,208.3140869140625
479,400.197021484375,177.96080017089844,538.7940673828125,184.7216339111328,399.0516052246094,201.44151306152344,537.6486206054688,208.2023468017578
480,397.27667236328125,177.60394287109375,539.7738037109375,184.91146850585938,396.0924377441406,200.69705200195312,538.5895385742188,208.00457763671875
481,396.22943115234375,177.41148376464844,539.7706298828125,184.5885467529297,395.0623474121094,200.7531280517578,538.603515625,207.93019104003906
482,393.58154296875,176.53228759765625,539.90771484375,184.66152954101562,392.2861328125,199.84921264648438,538.6123046875,207.97845458984375
483,390.74908447265625,176.32870483398438,539.9586181640625,184.50457763671875,389.4753723144531,199.573974609375,538.6849365234375,207.74984741210938
484,389.70770263671875,176.26153564453125,539.9661865234375,184.60922241210938,388.4153747558594,199.5230712890625,538.673828125,207.87075805664062
485,387.22821044921875,175.95640563964844,540.755126953125,184.62327575683594,385.9253234863281,199.0360870361328,539.4522705078125,207.7029571533203
486,384.79083251953125,175.76614379882812,538.9262084960938,184.3292236328125,383.50775146484375,198.86154174804688,537.6431274414062,207.42462158203125
487,383.2320556640625,176.0107879638672,537.827880859375,183.20127868652344,382.1451416015625,199.3788299560547,536.740966796875,206.56932067871094
488,380.362060546875,174.84486389160156,534.88623046875,183.9344940185547,378.9862060546875,198.23451232910156,533.5103759765625,207.3241424560547
489,377.28369140625,175.18455505371094,531.69677734375,182.71690368652344,376.1453857421875,198.51927185058594,530.5584716796875,206.05162048339844
490,375.50189208984375,174.79519653320312,530.0625,182.39651489257812,374.3469543457031,198.27938842773438,528.9075317382812,205.88070678710938
491,372.34503173828125,173.70382690429688,527.0858764648438,182.18276977539062,371.04058837890625,197.50906372070312,525.7814331054688,205.98800659179688
492,369.20001220703125,173.60003662109375,524.193115234375,182.71725463867188,367.82415771484375,196.98968505859375,522.8172607421875,206.10690307617188
493,367.22320556640625,173.3165740966797,522.2296142578125,182.7108917236328,365.81060791015625,196.62489318847656,520.8170166015625,206.0192108154297
494,364.2801513671875,172.51751708984375,518.4902954101562,182.1556396484375,362.78985595703125,196.36187744140625,517.0,206.0
495,361.20928955078125,172.38894653320312,516.1957397460938,181.3736572265625,359.84027099609375,196.0052490234375,514.8267211914062,204.98995971679688
496,359.2420654296875,172.50534057617188,514.86767578125,180.88519287109375,357.9667053222656,196.19052124023438,513.5923461914062,204.57037353515625
497,356.2123107910156,172.17845153808594,511.1230773925781,180.7846221923828,354.9015197753906,195.7722930908203,509.8122863769531,204.3784637451172
498,352.3591003417969,172.17678833007812,508.8204040527344,180.41159057617188,351.1325988769531,195.48065185546875,507.5939025878906,203.7154541015625
499,351.2769470214844,172.015380859375,506.4646301269531,180.63693237304688,349.9815368652344,195.33230590820312,505.1692199707031,203.953857421875
500,348.29132080078125,171.24234008789062,506.2908935546875,180.915771484375,346.8460693359375,194.84774780273438,504.84564208984375,204.52117919921875
501,345.1720886230469,171.55859375,500.9825744628906,179.34912109375,343.9925231933594,195.14962768554688,499.8030090332031,202.94015502929688
502,343.53460693359375,171.1099853515625,500.1041259765625,179.57318115234375,342.25421142578125,194.79754638671875,498.82373046875,203.2607421875
503,341.1494140625,171.1111602783203,497.128662109375,179.17906188964844,339.92645263671875,194.7548065185547,495.90570068359375,202.8227081298828
504,338.2075500488281,171.22642517089844,494.6943664550781,178.0301971435547,337.1679382324219,195.1377410888672,493.6547546386719,201.94151306152344
505,337.1549072265625,170.79783630371094,492.99969482421875,178.3386993408203,336.00958251953125,194.4682159423828,491.8543701171875,202.0090789794922
506,334.2268981933594,170.5369415283203,490.0951232910156,178.4624481201172,333.0389099121094,193.90025329589844,488.9071350097656,201.8257598876953
507,332.2400207519531,169.6799774169922,488.8677673339844,178.3815155029297,330.9169616699219,193.49537658691406,487.5447082519531,202.19691467285156
508,330.3415222167969,169.85231018066406,486.9692077636719,178.55384826660156,329.0338439941406,193.39076232910156,485.6615295410156,202.09230041503906
509,328.14935302734375,169.8642578125,484.79412841796875,177.32354736328125,327.00909423828125,193.80996704101562,483.65386962890625,201.26925659179688
510,325.3034973144531,168.1439666748047,482.9377746582031,177.99610900878906,323.7859802246094,192.4241180419922,481.4202575683594,202.27626037597656
511,324.1745910644531,169.5087432861328,480.9825744628906,177.34913635253906,322.9975280761719,193.0498809814453,479.8055114746094,200.89027404785156
512,322.236572265625,168.6943359375,479.08172607421875,177.31219482421875,320.92608642578125,192.54541015625,477.771240234375,201.16326904296875
513,320.1792907714844,168.66555786132812,477.0162658691406,177.09765625,318.8961486816406,192.53204345703125,475.7331237792969,200.96414184570312
514,318.2817687988281,168.64642333984375,476.1601867675781,176.955810546875,317.0248718261719,192.52764892578125,474.9032897949219,200.8370361328125
515,316.23480224609375,168.5386962890625,474.16571044921875,176.85086059570312,314.97235107421875,192.52487182617188,472.90325927734375,200.8370361328125
516,314.23419189453125,168.49270629882812,472.15863037109375,176.69656372070312,312.99884033203125,192.272705078125,470.92327880859375,200.4765625
517,314.2807922363281,167.73500061035156,471.0614929199219,176.0966339111328,312.9789123535156,192.1455535888672,469.7596130371094,200.50718688964844
518,312.1702575683594,168.55160522460938,468.9730529785156,176.29495239257812,310.9922180175781,192.40701293945312,467.7950134277344,200.15036010742188
519,310.2289733886719,167.7265625,467.0645446777344,176.12847900390625,308.9488220214844,191.62225341796875,465.7843933105469,200.024169921875
520,308.25689697265625,168.11880493164062,466.1353759765625,176.42819213867188,307.01654052734375,191.68508911132812,464.89501953125,199.99447631835938
521,306.1745910644531,167.7415008544922,464.1675720214844,176.20542907714844,304.9068908691406,191.4057159423828,462.8998718261719,199.86964416503906
522,304.2112731933594,167.6688232421875,462.8581848144531,175.40771484375,303.0373840332031,191.7335205078125,461.6842956542969,199.472412109375
523,304.22760009765625,167.5052032470703,461.09124755859375,175.4476776123047,303.0174560546875,191.4059600830078,459.881103515625,199.3484344482422
524,302.28961181640625,166.71449279785156,459.2430419921875,175.31468200683594,300.97698974609375,190.6699676513672,457.930419921875,199.27015686035156
525,300.2239990234375,167.29638671875,458.009033203125,174.80996704101562,299.0882568359375,191.14706420898438,456.873291015625,198.66064453125
526,299.2884216308594,167.0872344970703,456.9863586425781,174.7798309326172,298.1216735839844,191.0059356689453,455.8196105957031,198.6985321044922
527,298.2320861816406,166.51202392578125,456.1544494628906,174.680419921875,296.9966735839844,190.39639282226562,454.9190368652344,198.56478881835938
528,296.20391845703125,166.6501922607422,455.88427734375,174.1352081298828,295.07916259765625,190.6443328857422,454.759521484375,198.1293487548828
529,295.2556457519531,166.6312255859375,453.5158386230469,174.16741943359375,294.1131286621094,190.62445068359375,452.3733215332031,198.16064453125
530,294.19049072265625,165.64718627929688,451.1610107421875,174.56597900390625,292.82159423828125,189.7398681640625,449.7921142578125,198.65866088867188
531,292.19537353515625,165.79978942871094,450.0167236328125,173.1403045654297,291.079345703125,189.7943878173828,448.90069580078125,197.13490295410156
532,292.0916748046875,165.9374237060547,448.93743896484375,172.90834045410156,291.0152587890625,190.15623474121094,447.86102294921875,197.1271514892578
533,290.1413269042969,165.28005981445312,447.1202697753906,173.434814453125,288.9053039550781,189.072998046875,445.8842468261719,197.22775268554688
534,288.2318420410156,164.6731414794922,446.1714172363281,173.1342010498047,286.9574279785156,188.46202087402344,444.8970031738281,196.92308044433594
535,288.1524658203125,164.76011657714844,445.02862548828125,172.1425323486328,287.0167236328125,188.89491271972656,443.89288330078125,196.27732849121094
536,286.201416015625,164.2240753173828,444.13885498046875,172.6473846435547,284.93145751953125,188.0363311767578,442.868896484375,196.4596405029297
537,284.22802734375,163.7142791748047,442.7900390625,172.14842224121094,282.95672607421875,187.61473083496094,441.51873779296875,196.0488739013672
538,284.2677307128906,163.18153381347656,441.2831115722656,171.9046173095703,282.9261779785156,187.32923889160156,439.9415588378906,196.0523223876953
